matrix,partitioning,mpi_procs,omp_threads,nnz,max_mem_mb,p90_ms,avg_ms,min_ms,max_ms,avg_comm_ms,avg_comp_ms,gflops
1138_bus,1D,8,1,4054,0.0066,0.011119,0.010575,0.009469,0.014932,0.000065,0.010141,0.7667
1138_bus,2D,8,1,4054,0.0133,0.241206,0.173045,0.121642,0.359677,0.156790,0.037197,0.0469
