matrix,partitioning,mpi_procs,omp_threads,nnz,p90_ms,avg_ms,min_ms,max_ms,gflops
1138_bus,1D,4,2,4054,6.008296,6.101475,6.000239,6.996845,0.0013
1138_bus,2D,4,2,4054,12.002223,12.000771,11.995388,12.004957,0.0007
