matrix,partitioning,mpi_procs,omp_threads,nnz,max_mem_mb,p90_ms,avg_ms,min_ms,max_ms,avg_comm_ms,avg_comp_ms,gflops
1138_bus,1D,8,1,4054,0.0066,0.306228,0.234633,0.110796,0.485207,0.000080,0.032235,0.0346
1138_bus,2D,8,1,4054,0.0133,0.477577,0.385267,0.334579,0.542627,0.295328,0.026153,0.0210
