matrix,partitioning,mpi_procs,omp_threads,nnz,p90_ms,avg_ms,min_ms,max_ms,gflops
1138_bus,1D,4,2,4054,12.000507,7.682175,5.999590,12.001443,0.0011
1138_bus,2D,4,2,4054,24.013872,19.903520,17.999055,25.003268,0.0004
